profile_pic,nums_in_username,followers,following,account_age_days,is_fake
1.0,0.040885146814584473,365.7373459859355,475.7998515984964,1160.0430279554203,0
0.0,0.7186871596754253,36.03181024201917,797.1555296219708,15.999221096205963,1
0.0,0.18057640992420407,132.69993044611329,177.62209100944006,1233.899025802324,0
1.0,0.0,338.6532593438362,81.64778745921404,744.2107959394928,0
1.0,0.1675095158005938,185.77627129921245,345.2200151864149,1365.236598685269,0
0.0,0.40980065532583076,16.919993759572623,968.7332117074524,10.130274263613845,1
1.0,0.1791566836451658,350.76766039816016,580.317512351541,834.938672099324,0
1.0,0.15646468710021655,194.87667939518332,305.2358351769145,767.9898410879905,0
1.0,0.10471465508091872,149.21618134213728,179.69903428562657,726.670204849366,0
1.0,0.8452270922216945,141.9170347280156,810.0845312651738,7.603557361439404,1
1.0,0.09990226333276356,71.59380161894514,463.41687908916094,837.4593034184961,0
1.0,0.00482852753083003,1313.7452144221202,214.37020067848854,543.4631482904316,0
1.0,0.2063314607949941,1011.3810006692876,306.55936646480274,461.4553994128688,0
0.0,0.14219972783773757,614.8546397344793,443.35661976887735,152.78831359122375,0
0.0,0.7208382952384134,40.04730523146671,685.2392506124872,23.430824058578086,1
0.0,0.21934804686667514,747.8007115257619,293.009972525264,421.9026373322037,0
0.0,0.3498350247879828,36.849317310904055,1006.7927501751687,15.631283697582292,1
1.0,0.5893929639930546,113.43184478158724,718.5120431129318,14.489850168001396,1
1.0,0.7797693185258958,10.939364419414646,981.5600127993861,8.392725458521516,1
1.0,0.05895098354600918,516.3088368260438,266.9206877506005,1152.997708286683,0
0.0,0.7626993477359122,98.9391335636409,775.14188845852,1.8571017913741332,1
1.0,0.12342713722376167,430.57412304809276,244.269128246358,1351.6729361044124,0
1.0,0.4425624405273725,110.64675515417473,949.3283459736415,26.686125729255185,1
1.0,0.47751440861985095,45.350883946201705,865.0154763490401,22.791189836836523,1
1.0,0.7892922082090081,82.9988095744714,1255.0743413380535,13.27798052473083,1
0.0,0.38439874419211656,28.10087133997693,629.6186663778064,16.011259628243387,1
0.0,0.3581172742736377,69.33961019410782,903.6244326227217,11.641559847251683,1
0.0,0.8578164303740817,122.102400457431,694.0985779273451,22.510943197013585,1
0.0,0.28675510253456166,42.49502864051884,626.1232561299413,23.828327446986485,1
1.0,0.8922726001133066,9.967030594925463,797.8134014112496,23.120157046287485,1
1.0,0.0018790048963183356,394.1432665182837,276.32162886491534,179.60331614242736,0
1.0,0.19082575447557876,71.59248142499112,162.30784920121187,1469.843419524714,0
1.0,0.4384910799562065,14.211715257517955,763.0939514729331,10.829368211189593,1
0.0,0.2675727435436126,18.282955111673548,573.9783559135864,14.61787486493586,1
1.0,0.7173358726794324,40.413325321848276,854.6434396780287,10.677162480198389,1
1.0,0.019741177483087027,55.026251285502056,430.76080068788826,795.7655423679544,0
1.0,0.7506269134288596,27.78152800032855,781.6174815843094,10.552369730997004,1
1.0,0.06862566710262177,1048.254848731565,70.23430480336073,957.2596258848913,0
1.0,0.22688962209847646,375.5814085825046,536.9330536285506,1102.5940275981027,0
1.0,0.02175432012497302,314.8784621767244,208.26404549675368,683.4605670064894,0
1.0,0.014781006959884942,56.40890756741181,470.4447156060969,1160.1556539503274,0
1.0,0.1468108543335047,524.3002089365626,276.8933731181789,417.8146582366551,0
0.0,0.7303000434363176,12.021420223176612,646.7906625117005,13.582903207751793,1
0.0,0.7421365566355187,16.620857541802586,574.4539213590384,3.100585818165391,1
0.0,0.35060103660519787,25.598636897712122,861.9677922967052,15.13305926266064,1
0.0,0.6338978020099149,83.51880558833916,545.3662234436415,21.32884879933429,1
0.0,0.32434228125820036,0.778009343520101,717.1192119146071,15.875646813678703,1
1.0,0.1019891016926734,25.34144929264496,102.0054058480573,635.9196417899482,0
0.0,0.5979345285958989,55.28813225335788,909.8395123735039,9.37140236144351,1
1.0,0.3886061182908397,80.1522225468393,1160.3434243966174,3.51831366385066,1
1.0,0.16820141618067455,150.57431075233936,276.39742844632474,437.6044531167496,0
1.0,0.3998927504601084,1.0266005243047203,429.4767067828448,11.915913933516082,1
1.0,0.15087327311678625,1432.1791857122867,538.7636391831152,1460.9491517351528,0
0.0,0.8566350226318276,108.67748591906945,803.080570354083,23.966623072669897,1
1.0,0.09616281942208971,900.8641726647454,444.6230085859598,1473.9928450220043,0
0.0,0.7817862245917904,41.55835520969488,710.6616749997214,21.8326856545237,1
0.0,0.6583858262037089,54.40876999498031,759.8157085091947,4.923601376590645,1
1.0,0.06305305204694228,665.7431881175654,592.9318598268519,411.5709795865489,0
1.0,0.018332118688440525,160.88004297522352,290.7959699864246,465.70305758213476,0
1.0,0.12058918611049457,509.66263890302264,187.71627206566623,816.7091186557305,0
1.0,0.1357995697135561,208.58974725595894,362.5973765111556,547.4485864143506,0
1.0,0.08028961385636844,3031.4240519198197,475.1484020983987,334.66310624522464,0
1.0,0.0,153.05974807590576,296.64202130755496,468.02642721812236,0
1.0,0.06634520785772309,163.5907303142068,491.85033712358234,150.10857462157435,0
1.0,0.030209972265418293,1334.4604115999543,462.42499722580504,1086.1760154218741,0
0.0,0.5460814304536467,113.78937633518352,791.7243030201091,14.407922559609554,1
0.0,0.46045742912883214,14.890989913506445,911.2314202585443,10.503922530795073,1
0.0,0.17898968763081,646.1665297151163,443.6670363394307,340.367431791291,0
1.0,0.7109779209027871,7.466350238875532,430.6860958569292,18.511694118292233,1
0.0,0.8168166911294529,98.01793981971655,714.3188153431037,29.654783123145684,1
0.0,0.5567571710588988,34.58702666333695,1005.8615406153511,28.185518116528172,1
1.0,0.8834836022669399,56.17999614636713,732.6121162372166,26.014880488957193,1
1.0,0.08278232039833426,862.5223296387396,255.15298823831193,128.6894879990802,0
0.0,0.5974719170383913,70.99900054693806,985.1632199968358,14.552873505978964,1
1.0,0.2065922177038477,521.198347831699,217.2203708353557,1346.9062725983447,0
1.0,0.737685514208455,18.78875053803252,697.964643378315,26.894233832528784,1
0.0,0.9044999480761026,26.384586882912135,829.8934464132063,12.427133402597828,1
1.0,0.643219300198036,11.82939847904342,954.1233693014688,28.839780597874384,1
1.0,0.1289042950286344,1214.1686384948387,125.70682521904136,790.2406111877968,0
0.0,0.7082753683948407,51.86235642947357,965.5277361805088,18.384419038040555,1
1.0,0.11396252357838373,20.333479096509404,240.00368898132186,941.112554067085,0
1.0,0.8102842966964141,18.159368028143334,698.78295707454,28.542637767500878,1
1.0,0.0,875.5254621458246,290.41675917015027,1490.9145481265969,0
0.0,0.5233964250940316,72.65217196183318,812.4929145098359,22.606934083576682,1
1.0,0.09481359484113008,307.4407044308834,447.5571791057484,973.5381240031414,0
1.0,0.0,28.26418776029661,318.8920231420728,744.4253688596673,0
0.0,0.34404277597581695,25.00445190400353,764.973767968295,23.525043660751372,1
1.0,0.0868660265625462,316.5469326093648,104.22802607168933,120.21698001001101,0
0.0,0.44188849650954803,55.692046840147,872.0233423542295,20.153256124043956,1
0.0,0.6788170227373732,65.4055040791729,900.7737916543733,10.323804997136302,1
0.0,0.7277769434102976,42.80138587817345,858.1691764153778,14.91515109021963,1
0.0,0.7697975095223053,11.48884366958586,698.6729536339392,18.933826823909474,1
0.0,0.665174220252645,35.09260469619843,697.123575779309,12.831775612055708,1
0.0,0.6760236832847365,18.662062471778484,560.2613798944429,6.720231528090154,1
1.0,0.405607451892461,27.86106712652175,1156.9396554199727,28.944752579390247,1
0.0,0.8003092064252477,51.82255306517568,802.5639926837855,15.853976306924476,1
0.0,0.5074306573215074,68.33309116139434,755.0462138304706,22.205342769784945,1
0.0,0.5482744360673909,13.174917639306516,614.2060829373637,12.926868524415765,1
0.0,0.5129064530299683,26.013759741489785,1387.0431596942735,11.348579540003705,1
1.0,0.15097556435862908,628.2098358740806,250.88065048842788,827.0882910277601,0
1.0,0.023933853774257257,156.0787428650088,86.0204558974131,1301.1184840927951,0
0.0,0.27768990170483476,76.45975174896168,883.147061739361,16.78606110823859,1
0.0,0.7672828540122463,119.94395294633216,920.096319638367,16.771889715560285,1
0.0,0.4750665365663414,23.091479476379252,991.6299961724168,15.442936338799763,1
0.0,0.28946860031069466,69.572798111571,1161.5227626863943,4.862058067860781,1
0.0,0.6289258993111466,113.65058104492883,901.2234427280841,15.40273222793572,1
0.0,0.3115179020254629,93.5967172746641,588.8178369937239,5.853653362822544,1
0.0,0.48982842018359896,10.127407132886196,748.648352281933,4.638185459968711,1
0.0,0.7948743748879926,156.50961218548125,861.5734404843134,28.102271360130587,1
1.0,0.26076382784587604,307.4975119267743,445.42385855009064,424.431097042945,0
0.0,0.8201550405544622,20.677812261860325,520.3876181453918,20.02196842172876,1
1.0,0.03645751371827201,555.4916754753598,307.8255835356494,1267.4202873998793,0
0.0,0.46642463387183164,33.25371007000886,836.0701984408631,27.41180341732572,1
0.0,0.8202564704772671,5.760406364995861,967.5645439751885,19.508482924797764,1
1.0,0.04972188181718393,273.45964725188315,267.5535155174316,764.091560599602,0
1.0,0.3507696280391959,19.089996980661937,631.6037448170557,11.628413703686668,1
1.0,0.17914724915721267,1048.2736606427072,499.83735382180055,1381.69556846981,0
0.0,0.41759730646690774,104.2546223854005,930.9054158822067,24.79876541736376,1
1.0,0.8196389385964576,18.024832245147262,994.4171354024583,25.807945344337046,1
1.0,0.004403483481027235,106.80291993360785,374.7695872684687,582.4298089126232,0
0.0,0.7415156593552826,97.40347240037427,679.9646014778166,8.863656831206304,1
0.0,0.03890039130089468,1210.1489770013268,396.3326293599443,740.636016252348,0
0.0,0.47331918953430385,7.891907236673045,963.8470189801922,8.837285919388602,1
1.0,0.19560449094705928,713.5996065453926,451.0024773721651,295.9254579993356,0
1.0,0.05255242898442446,25.050035551474757,214.53508456613645,818.417164351346,0
0.0,0.8913935713053496,57.39708842132284,692.2227870950788,3.2785813608833485,1
0.0,0.34886026117709873,20.16530233341758,706.727046236099,8.850616673855953,1
1.0,0.17571490552061594,209.58909385674625,345.3605468952603,190.77393803871237,0
0.0,0.5745260144238988,51.81364964449819,636.4772707938879,7.649323701745335,1
0.0,0.5923481538489591,35.7017225489656,573.2473711780492,24.150819931212432,1
1.0,0.6992499281726865,6.342686718521938,717.4437258559648,17.3928125675357,1
1.0,0.11366683261208745,436.644232884874,98.28468453970906,1118.639459330887,0
1.0,0.14120026124871937,103.25400425118085,149.52052303805115,1051.0231462672748,0
1.0,0.019253810785026484,104.31943299801951,250.28467235991167,758.7113838402996,0
1.0,0.07828178743728714,101.8128109986684,512.4415339622007,643.1094207504927,0
1.0,0.20581623041281494,29.29964654370666,415.94502865833897,626.2844264410265,0
1.0,0.17655037389492778,443.16188728042033,276.38598995422177,995.9920325816145,0
1.0,0.0,917.340062118316,346.2947364172056,792.6476219151366,0
1.0,0.029601187003252837,8.865716490716723,209.91370222057424,1288.8555781585872,0
1.0,0.07880938489028151,25.091673375237907,320.8453791073698,1324.6008158451302,0
0.0,0.467504951564524,145.68581849774424,1018.5217804470343,28.590085608479406,1
1.0,0.16489797948885396,855.984443766626,445.2753126384944,290.75567337452776,0
0.0,0.7742634178175661,97.72573688227413,532.8533604295686,27.32328668267574,1
0.0,0.6584350763364997,7.0356752400336005,944.6900468852159,1.4739073332083756,1
0.0,0.3665711049226052,60.99182900388191,1058.1347513717913,28.15522719734587,1
1.0,0.04436375027910207,160.3067458019652,411.1946270726324,1344.1201215949789,0
1.0,0.13737813771537116,13.528218452158011,286.18914079088023,417.72369145944646,0
1.0,0.06342477330796525,664.3954373440156,137.71096651756176,1401.021400306118,0
1.0,0.18281783283815978,491.29144003421334,239.48784998852534,1104.451089148976,0
0.0,0.59633294559168,9.176426428245572,956.6966976301462,28.843980359739366,1
0.0,0.06022777322545181,676.7635499299365,436.55270993146877,382.0968637268583,0
1.0,0.047179526121159374,562.3384317115209,272.44527947878373,427.8813043949237,0
1.0,0.13151531561746785,115.27084776983452,118.74027249711061,829.7316958680836,0
1.0,0.02927611512741648,217.28869972712792,308.4766492345897,340.93638358329036,0
0.0,0.08093675095433484,67.36991149441482,317.00636979328345,527.5193127325318,0
0.0,0.553087777130616,9.20204545695885,931.7962308867452,14.838905523021653,1
1.0,0.07883145209557933,563.8642219576803,438.0145770980333,323.49154964602724,0
0.0,0.8754569351114582,39.8347264428142,919.8234122951246,3.271698814365677,1
1.0,0.13709324548271884,1644.8006988773034,210.87972058576943,1203.9429850082422,0
0.0,0.6752828971659556,63.6706557391053,883.178764680526,20.930976155183963,1
1.0,0.021911741969512885,101.76383082179869,144.04442544977286,139.78903090037198,0
1.0,0.09990198369760439,55.80935646514149,404.75312464110016,981.14630610631,0
0.0,0.4790407230002202,30.798406527490993,678.8925729882671,27.35770786734676,1
0.0,0.6915979955162139,88.34608448173648,982.0723053091757,28.306212652027142,1
0.0,0.6953993349539724,88.52957309493848,1114.6723790977992,2.852957705696137,1
1.0,0.08796315553989587,760.4250075252904,519.9769353402002,898.620150786159,0
0.0,0.3282053897848658,5.516660295652644,500.8021358656149,1.6160752415926054,1
1.0,0.0288276202150473,899.2788780611376,365.3820655845908,1197.7162344785402,0
1.0,0.016880918818709227,28.933020551041444,121.36372310489176,971.4846844367036,0
0.0,0.4206221445996558,59.6819849738442,766.1948468653884,27.349181154596252,1
0.0,0.6246420336153841,22.615815263218014,815.9075279089976,25.571001079454536,1
1.0,0.030227575610200848,168.4900271504345,129.83871200975804,227.66976270419704,0
1.0,0.17746794130849788,511.4413248174012,247.92641366220994,1050.4894902530368,0
0.0,0.4267000464705057,5.918652323101438,855.7767916293651,18.065868595859392,1
0.0,0.8093437042529597,26.1873554231222,758.2387699439048,16.360449541477447,1
1.0,0.48870873279082694,108.75237327349062,737.4512242008306,8.771604931756743,1
0.0,0.0,433.3076101539163,443.83663537154274,125.76774837754563,0
1.0,0.15532033470464035,91.08291603196716,469.16123712880426,863.8936997557425,0
1.0,0.21386295175731873,622.7243587998234,7.914791238254522,1089.4293276658332,0
1.0,0.1622414634766477,96.64755467810505,446.73862649118985,1206.6116003575119,0
1.0,0.10234714469428419,134.16074240337906,178.4829575771672,371.23193077504715,0
1.0,0.0,341.02254377037997,428.5714921666446,466.56929849370147,0
0.0,0.24323883489112225,142.42369517091763,648.2546855487842,14.698717553079176,1
1.0,0.012288800066573638,118.96665208655618,304.3723688974709,562.8344700222411,0
1.0,0.1355688012955953,77.82820319904569,272.29077481690337,1304.730840990831,0
1.0,0.09019529106873725,711.4223016532319,481.7426744003505,763.1798135179484,0
0.0,0.34196416990380907,7.446855046162641,638.9402295112363,22.27735704819244,1
1.0,0.1301955350194287,1214.0410068836165,391.23447982846494,912.8177236318286,0
1.0,0.07995834443378,79.24462351694115,465.1369569243206,1182.3046484539457,0
0.0,0.5551213993885236,185.98497907525075,747.9724745653382,3.8834207253757334,1
1.0,0.13328064199733355,132.52699396905209,648.7344205509972,1263.9403840436055,0
1.0,0.2076517496040852,85.2823563897355,220.6816175794447,484.4277818506138,0
1.0,0.15356048595016977,575.1206019179247,443.60154879165344,864.557316188478,0
1.0,0.0,450.2968159749317,284.1559463761958,399.62589886040536,0
1.0,0.0009750001875927922,702.8410595841608,485.0965470234642,765.7394283234731,0
0.0,0.63380418139748,106.00484025421721,560.2668502915493,21.407127533229573,1
0.0,0.6505628483643398,35.27510611051484,1016.8854399977884,15.264974988658103,1
0.0,0.4482028870998047,35.417052767898554,842.0470945260153,27.612341772058972,1
1.0,0.20513729820208076,2070.33100644547,226.26363459193163,324.15227210440355,0
1.0,0.16922974274895278,172.88453130168836,88.16183762169467,1202.2670893778754,0
1.0,0.16208591286219348,174.681856095828,222.4874630826276,1477.8967436474868,0
0.0,0.8903813960354431,3.7582458433900743,843.5718145469352,9.836051012686067,1
1.0,0.03746529485632953,415.6965495918447,508.79408378658275,1078.6727926444717,0
1.0,0.12731986337174428,145.42478013969992,316.6332889242461,454.0795232675059,0
0.0,0.8050084485633512,26.756474049927743,692.1522745645178,8.179164209824275,1
1.0,0.26852988031749525,154.39932911051744,96.18465602426174,663.9282585842005,0
0.0,0.4371556075251437,76.91412038556325,851.2454913928052,23.309128889718256,1
1.0,0.49420224871714996,10.909527105538917,1038.6104712874449,10.521947693121767,1
0.0,0.2713153695049646,85.8447621376745,645.6401117038862,8.103138233462946,1
1.0,0.19216178406966095,1187.5032102863847,312.5777387218674,801.9094406235452,0
1.0,0.032245972664786335,92.48777160529066,403.60955494702836,1322.82154365777,0
0.0,0.05521205054096638,1726.1224283724393,233.25378815758498,217.62869719288864,0
1.0,0.12161292058976157,301.5280590086116,320.7655039306207,1054.0873945049598,0
1.0,0.13411044398782712,1456.7877738999077,293.1566346765348,1052.2132885307387,0
0.0,0.16275593302158076,564.7977734988287,161.14873383900442,1036.678098870672,0
1.0,0.06789678950005103,179.53209609550606,282.9114445299276,1419.3183339339403,0
1.0,0.728804975899919,45.36931970034703,459.66212449317106,24.445109644999164,1
1.0,0.01786497261750584,180.9588205462758,275.26083114649936,158.72607637795883,0
0.0,0.838441367508118,28.637743705081125,734.1053795239089,9.63505289332127,1
1.0,0.03945034667125544,77.58010380654306,311.34687441572186,657.175449841095,0
1.0,0.04161238568741686,55.177277121017475,235.13096237900024,534.1908922835702,0
1.0,0.2661981786018675,274.91376285598767,490.8963735062319,731.858454125086,0
0.0,0.7742356020798911,11.445555273369726,400.2327029309287,10.006071206844437,1
1.0,0.6066409633219131,27.090446730874664,806.751125311186,16.079426804504124,1
0.0,0.45470473657343113,12.423573317349916,922.6821907514418,20.254420956787335,1
1.0,0.5708336766232582,0.0,875.0885478326475,12.038098129990399,1
1.0,0.0,109.79218686003374,96.88097625077701,1391.1726108533421,0
1.0,0.42142141127244376,92.82348649741985,1032.398003747802,10.766740697994853,1
1.0,0.0,91.28362024106937,0.07834273536068931,973.2690981873209,0
1.0,0.04995410739698976,1286.7854548822822,264.7842208661729,1262.2342107652476,0
0.0,0.6994284017748895,6.406647741170704,473.67697915675836,1.721431133479576,1
1.0,0.5551276111759702,3.5702056622620604,619.0204703394247,3.2087545507899593,1
0.0,0.3073934692094231,64.40115429707524,438.58634876954704,13.117273493659102,1
0.0,0.9678838568872898,132.08514833189352,745.0353997758722,28.330408450590802,1
0.0,0.8873263534609112,28.11531398120186,790.691610812859,22.04900020500457,1
1.0,0.6907316603628852,6.3288863084712155,822.8139384761048,3.5793112690125666,1
0.0,0.8373096681701379,35.92847517557397,812.3248541175851,25.50044823584906,1
1.0,0.60291267734339,21.389704383292916,614.3976753150695,22.287620200258715,1
1.0,0.18841817061667188,19.86302847939578,508.4970408318111,699.028632698621,0
0.0,0.3378556327691785,48.467965964069876,500.4910062286662,24.790206091893047,1
0.0,0.4489971105414503,63.423751771681545,1072.6985797388943,12.664328391057232,1
1.0,0.22408610542735868,421.32613401000896,0.0,301.18240670754346,0
1.0,0.44255435094600065,1.8879169631291315,702.2286092788203,15.797122981489307,1
0.0,0.05661923137912006,2391.244877309702,235.99719138888807,110.07486894959531,0
1.0,0.02885430824715206,89.40928858779006,261.21509742008107,543.1639185599156,0
1.0,0.7997361299556148,2.735217153338555,575.0282826543946,17.323285724806496,1
0.0,0.23854487153088316,560.8376083378994,467.8208982713181,777.7083810026386,0
1.0,0.11052114287084518,1954.9125513174163,491.215785942419,1469.6418538430366,0
1.0,0.09118680097416904,2120.3134778496383,274.2517104431761,1323.745284068579,0
1.0,0.1015397304142517,580.2634088759353,464.7382966861005,602.6835420870874,0
0.0,0.5272931014956301,20.774470670605545,1314.350811219965,28.404240094203285,1
1.0,0.20789655234294424,801.1873329584644,309.6659674700417,1283.7737498898252,0
0.0,0.5021790778213708,56.25372470508063,921.7514558786565,8.66193276848745,1
1.0,0.07833454698459424,758.6110344841403,310.7826059540137,1248.8038384104866,0
1.0,0.04508279844261065,1204.9882844265671,608.7136737916513,279.2142023753725,0
1.0,0.06390499811905967,241.38922710757063,84.21233327352985,1497.014565688153,0
1.0,0.03723306399123519,497.95747462140775,222.77408407274692,462.04431197411077,0
0.0,0.7664993058363766,75.29861985429534,1136.8918552422213,5.008051710599333,1
1.0,0.7693793132387946,30.90683362723485,968.4516449388409,8.358183983806194,1
1.0,0.1599539262991894,185.79326203220143,490.21933613262206,429.9436089322571,0
1.0,0.07096499278189763,717.9766586732295,296.36876196427363,1371.5678940511752,0
0.0,0.3641870867374119,216.75896023325225,497.4911025053142,11.241431633842026,1
0.0,0.1219921129621668,1412.997320008579,426.3775458179004,1466.9491766082406,0
1.0,0.0,96.00942340202937,413.23510156957127,493.76918441178674,0
1.0,0.17729323479468204,1038.7507434849697,8.743489085649978,1434.9055291945967,0
0.0,0.826499768796535,242.2826395289576,832.2760134746939,11.668302957918447,1
1.0,0.6534897065718789,97.43635540177156,820.5455948500479,17.07429568974015,1
1.0,0.4909061249919804,5.18309126695145,829.7849465188588,3.9546707539429318,1
1.0,0.06283531508051686,156.03736589786095,164.56488683982107,769.0370219829997,0
1.0,0.04822221469336642,1216.4196060227523,421.4429759724777,412.8532998492692,0
0.0,0.3382271120959532,0.36033928610183946,847.9221531457133,19.76640657065168,1
1.0,0.40845801284338873,25.80966966392398,946.5107709931135,22.00373407494399,1
0.0,0.7505085825524026,13.422314162662367,421.5174886816431,7.119225508053692,1
0.0,0.4995496752343938,85.42012333659282,862.2551498361546,26.690290882704616,1
1.0,0.03217526354022007,14.244182887567204,349.52319311691025,1437.8742995651614,0
0.0,0.49756455947971223,87.82752497381419,720.5676393718078,13.38224594924897,1
1.0,0.25243749764941503,492.7191934615901,245.13725429183185,379.63612281878574,0
1.0,0.42821770411809984,18.443431342422294,818.2582961229813,28.318136675944864,1
1.0,0.17890055305928607,865.7667794310202,378.22240926711765,679.6781989180041,0
0.0,0.40491511752545906,13.391001083665335,801.2835850519275,6.908154248856644,1
0.0,0.3120231519804864,3.5669991845023024,493.64996699073055,10.770099681189192,1
0.0,0.7127032153333448,10.355686601419361,1030.0495497600134,24.5404719130228,1
0.0,0.9409683247600299,40.5518769391082,758.9056949666715,21.232402111271913,1
1.0,0.17420563440887557,56.783148404496565,327.27209970461075,911.9469518792471,0
0.0,0.8231412456591505,27.0550191291086,694.6941323485202,13.847646388362346,1
1.0,0.020226749172079304,1201.5110713464287,285.2788686678504,1071.586941508259,0
1.0,0.052860674931799995,157.08089317178596,29.48881332356451,332.99577418236186,0
1.0,0.10176704818581955,856.4269704520723,349.7031713553669,1200.995166429103,0
0.0,0.0,3669.4959326765006,354.6550654617524,450.10379898932234,0
1.0,0.8443445180701226,20.01850074362621,928.9078003514546,29.327186187869458,1
1.0,0.10225995701855153,154.00911022515635,107.31740094437819,590.6316866696844,0
1.0,0.09732810812591897,543.5648557640734,521.3323900272866,1302.305150318207,0
1.0,0.08353056576430701,1682.6131379355693,373.7747502339839,277.2234318798971,0
0.0,0.4603622231946318,17.64133941070023,564.1306992521926,16.72183196672378,1
0.0,0.6198431942096131,17.79084160529462,806.8002094933759,25.51472893317716,1
1.0,0.6867451421582008,19.34110355026614,561.922036292796,23.078419714710705,1
1.0,0.3051599082716761,8.923086611497535,985.1992687910551,2.636224261402891,1
0.0,0.007622585158311775,1895.6738153678868,320.65365137980876,708.5130805966879,0
0.0,0.10120468468311869,1667.0873130192429,217.41567424202586,783.3302893903784,0
1.0,0.3199385522968634,50.404711689958475,931.1218741260199,26.005089111119762,1
1.0,0.0,177.93386253054288,177.88857886609452,829.3315270305867,0
1.0,0.2935293529488109,52.745811949106944,525.1337353918981,782.5432115907611,0
1.0,0.15943994069183542,158.50504214768682,502.8727520085824,909.7172701170027,0
0.0,0.8497572449035222,10.522261001165289,445.246856489804,11.003248483119973,1
0.0,0.5542790867717236,85.99744555313828,662.8834749523677,26.34651648213658,1
1.0,0.05341331072869121,46.26196147882931,0.02242066247395548,1249.5724543071983,0
1.0,0.7900113463852714,4.01825599096012,821.3409672276387,3.2041344400365976,1
1.0,0.3212741862892493,155.56882842512655,730.9573275626909,23.85031682973882,1
0.0,0.6167201419582663,14.183802240173115,937.578993465004,25.344096969874915,1
0.0,0.7638190334977011,98.15516435797943,677.4848116717342,5.624508821887691,1
1.0,0.469008362735023,9.189190646326223,788.6134198267487,25.76671167990767,1
1.0,0.07815471768990237,2140.648939488859,257.96546227979815,987.2662970013993,0
0.0,0.6365964530093351,0.7071619346207481,868.3811254239729,16.102333453370452,1
0.0,0.10424750608466313,165.27493222849574,379.2176691591063,1342.8717169502063,0
0.0,0.09479374551910913,36.33668846705714,15.067400274801763,1440.7883050446221,0
0.0,0.7036800666278219,136.52049884328227,673.2610340449437,6.648932435281503,1
1.0,0.03824588387328855,64.12142369131938,92.55499362092311,103.06644386600422,0
1.0,0.17943139420656623,434.6847852280579,435.2461757880753,632.4017021486525,0
1.0,0.18653576879200323,1320.897283927199,417.6896004045555,1246.0195231373643,0
0.0,0.47851551919313456,11.154976068985496,755.7128718654673,24.422591172138524,1
1.0,0.7792868762461049,16.7321540518468,529.9896252623553,23.909572252737004,1
1.0,0.07111348858746978,295.2066586698255,230.7799170934832,948.8971905096646,0
0.0,0.6919328266851841,23.76294416956112,864.0097962573594,23.624636236230135,1
0.0,0.4449919286703981,24.96836669572704,518.5280506654541,6.518902021041287,1
0.0,0.44867003533549926,39.357689281105145,711.5712859125967,2.5220870998052836,1
1.0,0.7230705864017635,8.744394782030787,822.1768928624994,26.377977309945845,1
0.0,0.06329714222208595,507.1315740595747,135.23560958064687,1496.475604678978,0
1.0,0.07091186180581521,36.71514188465989,207.14044925249553,790.8740213163671,0
1.0,0.5619887263084992,18.56656132499988,995.2471004024687,21.085388120561177,1
0.0,0.30452202209669516,35.05356746973879,1079.872013033986,12.848455994282181,1
1.0,0.07176970137024048,2789.6445419860393,122.64885286272325,1239.6923284445984,0
1.0,0.05746456671159818,321.70656782827047,449.42669309305035,1187.5833835077356,0
0.0,0.33577779912060113,51.858805881933016,592.693458864214,1.3351398094907974,1
1.0,0.1827228180373034,282.80460403444226,318.5301918973815,1091.221038975984,0
0.0,0.5761487809915905,39.67287005517093,792.6920748593495,17.75451866511764,1
0.0,0.8552829778211031,4.607376194687889,931.8945752113976,11.880460256683714,1
1.0,0.13108612114402327,1088.3183287617223,274.7717721390246,1350.7949448239378,0
1.0,0.0,264.6911984756186,389.8154862534003,371.79315426247615,0
0.0,0.7637762009491015,1.9899615639162085,406.5153756742339,27.54597556878693,1
0.0,0.4759653655344427,15.914714561328765,795.7430422110726,8.729522130585483,1
1.0,0.050059614186194784,270.08354067009367,172.5416877359169,1315.6462974259387,0
0.0,0.7073943284692582,153.60464815951877,849.9052101590934,16.90918482879568,1
1.0,0.1417640061240921,48.96396481709393,379.6814157061431,1340.9666764002768,0
1.0,0.9494742905763934,2.246757745130133,825.0178545927191,30.059608442803878,1
1.0,0.016870717394267407,1033.9114328316025,305.6399732795984,1004.9001032338116,0
1.0,0.17166889849933895,134.98366497597894,252.842204062475,863.560864351454,0
1.0,0.1714691524295219,118.80277791081419,319.380348381231,171.69162360972942,0
1.0,0.43669483673906345,7.51571815703391,699.9362926948363,1.2373232295497827,1
0.0,0.6640715987200808,72.10820767242316,766.03172349111,1.3148498166073979,1
1.0,0.013095049358491952,352.62311085285484,392.42045152157846,1006.7570450911035,0
0.0,0.7047249424635611,198.82529971934792,763.3229036800342,15.166512940525557,1
1.0,0.10853981485855338,1606.219953996764,163.42378428052416,788.4571698003325,0
1.0,0.10864365431347327,953.8407064296283,263.40979173065995,340.47711372299625,0
1.0,0.8651717915289886,20.94440013322683,1019.7841298048023,9.608366016867178,1
0.0,0.32683240226340254,49.37112894905435,1191.9377260628137,17.17291755212507,1
1.0,0.04493916058553919,718.4826695571313,0.0,373.9963182767421,0
0.0,0.4009684942436349,7.849213397135094,816.5892195455706,5.836659769533794,1
0.0,0.284874657544831,139.09879983829424,807.2907947215526,12.85778185405678,1
1.0,0.013792653319622733,10.086925643388362,405.45461353827284,476.97608999734786,0
1.0,0.1269958428877443,441.636351236259,674.79432911752,926.8904554985686,0
1.0,0.8505490988704354,49.17024265327963,826.7358036905324,6.799388325273145,1
1.0,0.07808279482032349,364.8789656861294,88.91694117458282,315.53969578881396,0
1.0,0.12875743691496788,3.703673342803513,360.29797643025955,1211.2701871912982,0
0.0,0.6726402095712645,20.381062730586237,723.1348534387341,20.441463240262475,1
1.0,0.0,633.0111212640361,316.1833986452648,432.19846022270855,0
1.0,0.09841456051705583,292.31601607252617,163.91745784646727,504.0910822501173,0
0.0,0.5751719581288559,21.995819660268477,724.2652125561402,14.49445232623088,1
0.0,0.7543693538419052,8.036416156000698,1216.5057111160477,3.004096331684798,1
1.0,0.06354821333633315,838.7877820807171,146.07488731210253,1076.9176148583879,0
1.0,0.0,443.8373042191954,357.2033967322828,215.1061593202504,0
0.0,0.8415911073573799,24.085725849906257,774.2372253221761,16.335450623095166,1
0.0,0.9008663884954716,7.037812548694447,669.6125868214099,16.040764376289065,1
0.0,0.8960432412601507,10.918370734930678,361.1631691607929,27.768502999550567,1
0.0,0.6029731684223884,13.598733295315832,1119.9099924138632,16.88988629642213,1
1.0,0.019604045262364023,268.62605058761153,484.09774828314244,941.2875631756012,0
0.0,0.6003843866401115,51.486748430319295,906.6329523902639,12.679702923997226,1
1.0,0.6222610165296559,45.95173979634454,833.0716300383865,28.61484568354325,1
1.0,0.18828131692249403,553.2615148557469,94.46660046538939,1276.6838779066743,0
0.0,0.6696617808220062,22.48990428952987,703.3034310796397,9.323964160794997,1
1.0,0.03734078304719482,334.6491118132092,261.33341978700764,1274.1151489909953,0
0.0,0.47781039848925533,11.347686879597536,589.7680644993179,13.555757029160326,1
0.0,0.7987783431395895,31.594590915982334,293.66777926996326,25.086884821094955,1
0.0,0.413651008966601,80.68379753690853,754.5419533762032,24.86095915718088,1
1.0,0.03762432799730839,2718.228937445235,513.6553251089379,216.14509446429406,0
1.0,0.1398648917634088,327.07312617479135,532.7521881737869,998.5132981528222,0
0.0,0.9105947708135204,107.57843760054723,945.7836342476949,9.439482091995547,1
0.0,0.19552897399204971,417.15448491695554,185.7904981864109,1370.9634573146564,0
1.0,0.07783556511653035,1242.9839398894328,254.11955549279085,608.4730707303685,0
1.0,0.06931201351806845,806.7571663597481,321.86783367158944,502.01295566579796,0
1.0,0.051241200684916215,299.9375647625656,194.55199974333811,801.1010857724766,0
0.0,0.15050757607774237,634.2067996951042,553.8147369311065,738.2826796575238,0
1.0,0.1470250120106371,441.1700922618527,321.6178400639076,582.1098140845385,0
1.0,0.7463200179679427,47.04153035547584,552.1102038790663,6.038081671587546,1
0.0,0.6118492835202507,13.71899659381448,499.4295392360377,3.997223087767165,1
1.0,0.09339197124390725,311.69225517642093,247.8545082028717,1294.2220060296506,0
0.0,0.8040302796794925,4.2668233464603444,667.6900580968735,12.028157235872934,1
0.0,0.703693482256348,7.983906919465248,950.7003838535295,14.798194693609293,1
1.0,0.5003124234373658,17.624117453455334,677.1015466834045,2.320609854194849,1
0.0,0.5055701916509038,4.654030125938586,628.7421321998105,29.180554128924506,1
1.0,0.141773106799228,380.7625709603734,342.39099844261983,1047.872179869542,0
0.0,0.35758116064797263,0.2974456119878154,1023.7509274220756,10.394652619213916,1
0.0,0.8078511821548499,33.089551427047795,802.6114054645359,10.2750865160325,1
1.0,0.22799021534035988,69.2242803637481,302.88564432810716,1120.4279276298296,0
0.0,0.06997172296507993,235.67734897865168,179.6936264232088,1433.4968375425876,0
0.0,0.5544063325564619,130.19787141481393,1058.4029217869333,5.186546854769012,1
1.0,0.4000858231937074,8.877895652192244,650.2105698068361,6.44427626880878,1
1.0,0.9293922495350873,168.82005589748945,1063.0811921772915,25.862415659840163,1
0.0,0.4913151085304485,11.500502339383562,842.0907933414451,8.464170510697526,1
0.0,0.4339024815909591,67.55863929593852,768.0341043178855,12.139104521863121,1
0.0,0.5305268340477134,39.55214919786845,1300.1744505307008,26.311606619708652,1
1.0,0.0,260.75077138606696,157.3825051469495,128.34382652464853,0
0.0,0.30981778201274046,40.202281289297254,729.2403655769066,10.947839646337744,1
0.0,0.6855342288640569,38.28868862415437,553.541175330877,20.868557555905156,1
1.0,0.18166540702387102,271.42250942678857,146.48121511647645,835.3333455490945,0
1.0,0.2820141803654722,364.1753333615597,342.00468480982767,1463.689056668208,0
1.0,0.07297728787493332,44.054021170492135,0.0,1376.0581075703344,0
1.0,0.22953615051665205,2085.9616877260096,37.34959103982692,326.4316642045145,0
1.0,0.8646528954973353,23.322528901829287,760.4695485109631,28.71658586126147,1
1.0,0.5401028304229661,71.31527953707332,726.8687254525718,27.890884563313318,1
0.0,0.5568525000740735,20.673670989889676,465.76651681921516,27.383834853884245,1
1.0,0.48797708152873565,151.88809070006056,1207.1837800895325,15.787252332165027,1
0.0,0.7340152809269035,66.9459645808534,893.852508518492,11.426438682285125,1
1.0,0.786098872902366,45.50494329962221,701.6037997942876,14.54789290686769,1
1.0,0.048006295394070524,522.0621459799228,387.30123425278305,1294.203749191408,0
0.0,0.5228248679894065,2.520947089600546,605.3939337136733,26.608273479172425,1
0.0,0.0,632.1628315474119,473.5933778948086,285.11017837326693,0
1.0,0.18253023690943304,749.9848991450345,359.58459341897134,1099.44449351783,0
0.0,0.9296988066382701,12.966887529215155,927.7359964715001,24.661534555109093,1
1.0,0.12078186535437022,476.5909321353424,257.907354493707,512.4762194945683,0
0.0,0.4676273242142062,125.75461973520149,509.9118699333276,26.564084182350992,1
1.0,0.2794126849127456,40.8564371076692,283.71765728552316,782.1091983005866,0
1.0,0.6742596749080902,20.948559840235635,1009.7745931446098,4.03657968921847,1
1.0,0.09708874798233945,142.68830346098395,402.73702933367963,452.09371522363637,0
0.0,0.5730436090441884,29.38362045618692,954.9575901112678,9.43780120399152,1
0.0,0.7458850104182109,33.57052792590419,590.8542285903221,18.830354010817455,1
0.0,0.48057787517398276,21.689202270422708,794.7935217069079,24.3319677275948,1
0.0,0.7454591122946947,120.16452743578134,675.1150139563623,27.103639493612537,1
1.0,0.6015410409279522,42.08867399020666,949.3599498393519,19.25773655877222,1
1.0,0.008413816829976696,136.5354282772664,296.7229949167472,113.9492367826557,0
0.0,0.15084318639428976,165.21411347236992,406.09730776963823,1411.890428503699,0
0.0,0.2199456507532191,264.8093266941425,521.3379757942427,978.6704927894122,0
0.0,0.6755456003876801,28.497541506354995,938.2942438537034,11.493337620028077,1
1.0,0.04928291850539759,9.90090736803806,332.84427011240626,445.00458960253263,0
1.0,0.6388553617135443,22.58122224938374,600.3448178984182,2.203037710383113,1
0.0,0.8041950140943496,79.00746135479109,799.4456131990617,11.129803676734891,1
1.0,0.0,208.93866830413526,101.85812495975753,292.86217125792285,0
1.0,0.1183296008749323,206.55881500017895,621.4716617445897,957.058967478067,0
1.0,0.5707816144849387,67.6735232222526,725.0530018283116,14.461991981964628,1
1.0,0.0,570.0770463671611,323.7593942876424,840.1007759232957,0
0.0,0.9357869223426556,93.21356963354278,408.60879145439185,13.37095549427879,1
0.0,0.8089310471798822,25.132469018992435,666.3392787105245,28.72284299283615,1
0.0,0.7604072419340359,2.6404176911106876,838.7063879541985,7.215725203194044,1
0.0,0.7100941508125888,25.53182637956336,530.3350798161866,15.979169826612813,1
1.0,0.5944133634001214,55.89653134949024,803.1336054517145,22.26052854294907,1
1.0,0.11010824214673735,22.96752844066884,256.81500001966884,1134.7735574716912,0
1.0,0.19505070706292668,487.0853300175137,336.78545234982505,545.1941613866614,0
0.0,0.6537344363682029,22.05008242447078,1128.6655254397087,11.870445915343584,1
0.0,0.8474900370830292,50.45372378328207,878.267030308546,14.409506209371738,1
1.0,0.03199980462746664,734.2255853038625,539.0511937720728,734.3617292213188,0
1.0,0.013545089933828972,832.820576963409,315.5368595377616,818.099990877709,0
0.0,0.4090621720499647,39.426211553587855,671.2031415424655,9.416703038231953,1
1.0,0.01728440860663851,1470.177317054308,261.0113786213994,482.8852810206236,0
0.0,0.5001965745497083,17.140148482232416,1037.1740284770215,16.760054951958363,1
1.0,0.1256738855540717,738.856709517573,340.442033863557,878.5433981383943,0
0.0,0.7807306791074717,32.93501671119078,689.3428492628298,3.2279589659652905,1
1.0,0.22043857720166304,1139.197098881013,123.34201447096667,719.5428123238221,0
1.0,0.7893095148280262,171.02539882476756,649.2322807538673,19.055975620675188,1
1.0,0.08470222771430558,45.72252186734496,206.6987228951736,791.8182351678048,0
1.0,0.0,1378.244042416548,23.914260665846786,968.3493581900367,0
0.0,0.6174547803381673,27.88244929019281,451.3980999953345,21.828455774537876,1
0.0,0.11623633040303138,783.5029694953037,224.42505272343163,1135.7927787550236,0
1.0,0.46631461332705015,114.08510446277761,744.7211795403737,12.482953021030696,1
1.0,0.11986067169480175,817.694793339076,35.11766299253052,847.9384448636827,0
0.0,0.7361542151733388,61.48555260392492,891.8555387656016,18.722929281393323,1
1.0,0.0,170.6530727106708,106.52210870974328,1322.992002538845,0
0.0,0.3953627734632327,29.64861077485189,779.2824221895967,20.48983880635947,1
1.0,0.04114167577403504,25.62273246606614,436.88039403901536,677.8473094985196,0
0.0,0.3232849075472683,11.505465586499996,994.0866665377972,14.420664557927452,1
1.0,0.03318115641661686,385.6202926546666,291.0750692292126,915.6031418018242,0
0.0,0.8350155038241105,1.987456941576433,844.0683199304948,3.7676352584338946,1
0.0,0.6273931899676096,189.23452743454172,545.8530255061934,29.595555558773217,1
1.0,0.43495917230260367,13.78413426136203,724.3083657226063,28.467695207863365,1
1.0,0.0,1614.0035258311536,181.93517890365484,1147.690824144997,0
0.0,0.9204008789530668,91.37239709162614,807.4934515426756,28.050630584533476,1
1.0,0.208613970779494,77.20570028569836,402.30690394151674,1434.3397972051878,0
0.0,0.8316616716967882,8.420126074480455,1153.2111111781787,25.459628908934768,1
1.0,0.10941512846192629,418.420026667487,116.05656339497867,935.7209139984794,0
0.0,0.6118621280380273,45.84349940782939,818.6190786062522,13.774316268702002,1
1.0,0.0659172872826616,548.3035327634321,414.97356402968256,562.9116311657549,0
1.0,0.17089411903881982,864.8465010946204,299.7921743688061,226.52054273891628,0
1.0,0.4914820653621119,185.16531742012998,766.2885148754388,2.0531771764293585,1
1.0,0.019795344856151472,390.4156581850505,654.7816050190339,770.7344163555,0
1.0,0.11280828527421156,307.7307216092656,84.16504852745226,246.37136171692626,0
0.0,0.5383158688600533,52.2059790902689,769.3242089370292,10.929459862427274,1
1.0,0.08025042925306863,37.4214418089717,0.0,1133.0848356502388,0
1.0,0.0923182717638545,576.7550151412947,328.9230787144951,1174.2453145950067,0
1.0,0.13223700695528542,349.7758341677693,354.8972599470146,1367.5966580750867,0
0.0,0.43519242340773606,19.831674968861957,895.2685787069031,4.134912994091016,1
0.0,0.13739205223105902,331.99337758020545,201.89745528056994,1434.3275565357126,0
0.0,0.8539673764381686,45.536027169492385,780.4899928309251,2.069797704234251,1
1.0,0.12904961601965131,522.4564526402046,355.94648589838357,515.1207521204254,0
1.0,0.24829162508329622,94.59373868672044,518.26500749575,322.9782957078364,0
1.0,0.11724814874970604,1029.4326160176522,211.4150369756957,709.520146945158,0
1.0,0.7972129382198837,20.822923483182766,873.3531783351503,28.40302861054493,1
1.0,0.12749712164827012,85.45382575642267,64.78509305815693,906.0061105603543,0
1.0,0.04783133304295849,1639.596241632658,368.61240877620173,916.7616708394158,0
0.0,0.7608702682802523,75.01631834545914,830.3543344587251,19.666742948753896,1
1.0,0.14346270506953657,37.8508386489466,185.72372387859113,813.8666151980017,0
0.0,0.7453115563981424,9.946618136598664,643.4845477140582,4.097173744828422,1
0.0,0.2791647577637039,28.13672026180517,941.3523298957135,15.541612272771335,1
0.0,0.03028908804489201,814.1040566833761,357.3317457593651,533.5988607521233,0
1.0,0.4304648515877035,61.307631856852666,598.3870806570485,17.925992642965507,1
1.0,0.15101514200814223,1930.331755330694,240.48828183852913,265.0843454550416,0
0.0,0.587034902015366,50.51599599337485,846.3224343591837,3.16202586934597,1
1.0,0.6347612474986863,11.024558723070877,957.2066884029826,21.030306209572387,1
1.0,0.02978954759620414,700.1507758017198,569.4716721341558,423.37949020102485,0
0.0,0.7830980562868394,2.0786595372968293,233.33138057568314,11.98145566131062,1
0.0,0.5779146651840334,19.479873119405287,1071.858937160931,10.874004912167575,1
1.0,0.27028876961765913,41.056170108571884,952.163110822116,18.94823475348379,1
0.0,0.7701435954026083,97.53259860379492,451.4166448363433,26.811339166273644,1
0.0,0.3912685210041288,54.897550415558165,678.4872061881075,15.38798642998672,1
1.0,0.053332018839820805,959.6608969172783,159.46242241667295,926.4570973410152,0
1.0,0.7058238986796829,153.0599774049631,1089.4937848638544,12.548373141744305,1
0.0,0.1728264057000321,52.318527819251436,330.12667277704077,1283.558689964485,0
1.0,0.3853493438009193,133.06154096648044,764.7789292212113,2.8047343700158534,1
1.0,0.2467261789499552,152.36849906391126,248.2719654660405,595.968679807325,0
1.0,0.10201215132392377,1038.8696774072823,187.5779022168257,1368.3531111394095,0
1.0,0.6087813665460251,2.703919978862385,1025.6326911960916,10.794854762543865,1
0.0,0.6862184864199409,64.73026990569673,624.8355368172762,21.822199832170366,1
1.0,0.6618750247264339,6.456717045289903,638.804335817317,22.523827991282776,1
1.0,0.12032134835186105,487.91853467310204,109.59397563292217,278.30428848126127,0
0.0,0.6028588920879683,38.0463142931918,791.0655653183844,7.299120760133814,1
1.0,0.1452605218958733,777.7718979289243,283.2117931978708,673.7393865781867,0
1.0,0.13277891608203155,133.07778902286586,344.82697814628534,1487.0667103961828,0
1.0,0.07329236543420084,509.7469999064609,424.94879651775824,761.2290775483946,0
0.0,0.43520680899442227,23.855773693671036,615.5210973780156,5.006289085949286,1
0.0,0.5175918843082314,47.98678861138567,801.5814009570909,28.34991495473348,1
1.0,0.17182284784558938,1034.5002622372147,0.0,550.3997862188813,0
1.0,0.17141820835093594,67.83572116057732,192.0245487911247,205.13181324074418,0
0.0,0.5386749501986564,127.89960400718174,512.6891860643847,12.854169608435045,1
1.0,0.02353497894253581,450.1366830267117,111.94955069674917,1223.8153810914912,0
1.0,0.935704113232438,44.79062368192993,943.3197462948657,23.87898457250821,1
1.0,0.0958593061546849,278.91172229885774,357.93969986043044,1187.494832648499,0
0.0,0.46965978360857813,54.88516375215367,1066.736540626528,4.674475456634928,1
1.0,0.01169798091935026,602.584386766249,336.2433621339142,672.7348351317245,0
0.0,0.7076858921679605,46.15627532249113,809.2373093088361,12.513619555036856,1
0.0,0.15167216787229687,55.88483582757534,355.27991047445175,1303.599989332297,0
0.0,0.4488548238001561,37.60477748013861,1364.908018903336,11.884425244960026,1
1.0,0.44461837989403097,20.34012446831524,536.2042173383288,15.435735777519975,1
0.0,0.03853530364899503,1375.693082245013,416.5201259724945,953.3653716677478,0
1.0,0.22922516320110053,360.27850149942464,304.5453993477515,227.52357527584059,0
0.0,0.6004601245949232,81.75270706663088,1069.0559558312498,12.583888321599861,1
1.0,0.18921834357232017,383.5439349666807,202.17990597459655,371.1102290894292,0
1.0,0.4137698803142943,4.43350358977589,700.2692831979974,23.467716672583627,1
1.0,0.039099860033749545,942.6927501075858,252.65652650041062,1025.8418927448254,0
0.0,0.9216154982634792,53.77575772990954,731.64821063427,2.3059876961700065,1
1.0,0.6390365013613087,28.84125381589116,598.6700528042535,20.011388944681443,1
0.0,0.3581610296780015,16.131760306532378,809.6448099673408,23.443533909211386,1
0.0,0.2790062903440891,40.81143679531901,687.1717242372844,24.63471625683014,1
0.0,0.8540026137732708,21.333898735678442,501.2665829853692,15.347005769279347,1
1.0,0.40321672070442005,135.00225830672878,1051.051901465014,6.9551304034115695,1
1.0,0.07836551121862542,202.77039389750792,161.19589542303012,1316.219761967348,0
1.0,0.23098742061023056,338.60559779266555,36.71034102822491,851.2383365752305,0
1.0,0.0,425.2189589851757,195.7120109088458,1152.659828947472,0
0.0,0.6590080340245823,66.84069815502312,813.6824243543766,27.117060406517417,1
1.0,0.5160558392091111,1.893377448645719,450.6482798429992,4.019756472999683,1
0.0,0.2927001317750652,32.2204432154769,866.3677030791317,29.475150530774442,1
0.0,0.9149756017641552,20.5064990434861,590.5925846532997,25.909227341038097,1
1.0,0.13079796058472626,56.49838293051372,378.088104692046,1400.7518406982538,0
1.0,0.20867708552094716,136.517884999039,138.0438842105428,1324.1131685101418,0
0.0,0.7424305243567242,40.21998113043576,720.0417054024958,21.94488106900451,1
1.0,0.1847998114399389,181.93563262050452,469.04707515855256,341.92388065290584,0
1.0,0.15389698159691773,92.53175280187266,130.56325563908075,600.6812090100171,0
0.0,0.4495157272853198,4.522493411691544,922.5019400174199,3.1085981979933637,1
1.0,0.17189607261529521,183.39297603010291,478.67212670596354,960.658579851931,0
0.0,0.8224827638884784,36.56955784924957,756.6013538797472,22.471969979072735,1
1.0,0.08982845249179379,195.275490578733,0.01854259463554984,1447.1063632131163,0
0.0,0.34705356978996255,13.399932158911646,679.1846342290556,10.502495012094183,1
0.0,0.40804528293356845,33.028586579995164,731.2890997438822,18.290992021261783,1
1.0,0.8455455253039696,27.959992185502802,382.7961088704612,26.316583323796557,1
1.0,0.7819155014861747,3.9278311405954756,994.7705728900429,2.3469889040741974,1
0.0,0.04753801217777042,1683.674272670227,304.94337124290615,834.49829033215,0
0.0,0.4595219687731458,90.8870563457175,645.3382159384073,5.653898237131389,1
1.0,0.6522348156423783,13.60194033322081,1179.8085285612565,21.22630903099899,1
1.0,0.7170663828929507,10.845659345491098,817.4096547744371,4.093923857846827,1
1.0,0.034286049028526826,305.99719078619705,514.3807799389058,615.5666220721183,0
0.0,0.5087373592744117,73.22765266972235,971.3746512739417,9.256219059740252,1
1.0,0.09361250086259046,115.44355197810702,342.675033690163,1443.265680552334,0
1.0,0.6548963462403113,43.02891028492605,878.9620225755972,28.232337432457328,1
1.0,0.0,10.710986362405222,369.1104191630595,1157.1778525238976,0
1.0,0.1896326565471049,271.360386035785,457.2245317269154,1151.1767379764203,0
0.0,0.910199901571938,2.6119252302148848,747.6438751625076,1.68278512349718,1
1.0,0.10301641380278247,206.7685242443492,561.7190584295905,900.5732987988141,0
0.0,0.8123781995512303,6.2685560411548416,418.95168996433523,15.540063891726483,1
0.0,0.4265327109406494,2.323787953986487,713.1650909128033,10.431040961483044,1
0.0,0.7419370626764699,28.796785653470717,1144.461359312892,4.844982509316506,1
1.0,0.0,26.82452915083804,349.9402775302399,400.2978427396635,0
1.0,0.07984620520832483,957.0908996605864,0.0,203.78381873130246,0
1.0,0.3011308797563939,27.448974045270784,710.4279793776958,23.647545568813285,1
0.0,0.6122363182122985,2.0646491381052425,557.1336172596649,16.473517827542697,1
1.0,0.06077568962306182,217.32145428168977,178.8989596575764,1489.717158661348,0
1.0,0.7367652354963488,43.1228141806135,753.9238881367513,6.718895048822302,1
1.0,0.8624526150909636,42.244260527624924,827.050378697545,9.314290626336733,1
1.0,0.5675668304766551,20.230622851367485,789.5325206508058,5.577176745271778,1
1.0,0.08779506243919641,67.72653456310864,552.2474621100961,1282.177695471023,0
1.0,0.17117460137583743,98.27769105492906,167.4621675486501,896.8085912978825,0
1.0,0.12528345166787364,339.61946516991935,322.0781997149314,635.1919858678161,0
1.0,0.33379339221991616,5.215149416120862,761.9131096290774,17.290165689460053,1
0.0,0.7020973338220622,72.77524893725312,685.1588403369268,28.440972123470875,1
0.0,0.697160581923625,169.51177377168196,743.8083972468936,6.686290300404653,1
1.0,0.06514086132180973,1875.1152678510446,421.7589224758128,724.5686898573983,0
0.0,0.48384966688449604,100.14650080406805,1082.5240990228142,24.666372045322404,1
0.0,0.7246222534623253,45.897217197115836,674.3009116389342,17.219675034896696,1
0.0,0.46494705546771153,60.40990536199739,819.7479884542931,8.360315441999887,1
0.0,0.4112909992709858,16.72165530734816,867.6464295303443,8.651809470670976,1
1.0,0.1023624479651132,605.8866806839773,241.0416613565324,722.1943807531461,0
1.0,0.09013120567736237,537.8719377256762,64.7657524671088,924.5331600741813,0
1.0,0.3005524437075254,32.863704098100044,506.8738819140095,22.657710704925137,1
0.0,0.0,153.9134943558991,149.8460214451753,104.72695595187945,0
1.0,0.1471960597104163,557.4495760497866,161.6580075780699,443.47359729749064,0
1.0,0.4788634333793314,19.100342119518878,723.2126391781504,21.49620637667801,1
1.0,0.4821843724695277,129.28984967137765,840.4237397090354,23.665435341514907,1
1.0,0.23766997519596045,1.9234357688666808,224.0119718965774,1372.4584129341474,0
1.0,0.6458166082786968,33.26849557497644,604.6934906206553,21.222932020001227,1
1.0,0.14303085748767835,810.3460990165943,434.1325001912035,386.3542087084297,0
0.0,0.6559457965625753,47.13989826619006,553.365306088995,5.622982585626388,1
1.0,0.1743020905698936,356.46943272013624,260.265784238887,119.59026629157341,0
0.0,0.41750110565352216,14.35601235502929,528.7856558596797,17.845765825762076,1
1.0,0.05245493503503457,81.95769719471689,8.81768285753461,1324.995231727495,0
1.0,0.06789499691304342,167.50843669044974,0.04680767970641053,959.8628134325422,0
1.0,0.0,235.78472175649168,351.89046447596326,363.5259374063913,0
0.0,0.735904636827997,36.179285277873525,733.6628282713928,10.500750371964463,1
1.0,0.19087653372632774,387.89665702735897,609.6108592932402,766.2210955644464,0
1.0,0.13261820091101065,40.30736618601397,323.75614024100145,1436.0764704530197,0
0.0,0.5255162198337349,165.82090213555767,805.881688030193,10.077895185876622,1
0.0,0.6424326253582087,23.620720404277808,903.3615576063833,24.722616535389697,1
0.0,0.14678069735851293,264.2392044225665,344.5562191722822,715.2410168306558,0
1.0,0.0,1353.0082468428573,550.1047445611423,516.9302777639584,0
0.0,0.5766428010484157,57.444520507020734,821.4282650428127,9.247687396991424,1
0.0,0.3494598083431249,134.81500751802298,736.2886622522209,9.668637546670361,1
1.0,0.5529449621873559,42.83989513118959,925.2121746114237,12.110344912097506,1
0.0,0.7798990042650177,6.735965314198864,784.0066556078875,25.210687320706132,1
0.0,0.62892831521115,43.60705955428095,840.9975693429084,28.965584373850156,1
1.0,0.17966048144553126,1043.4827996414392,205.53523883932934,195.72567067600173,0
0.0,0.4588732954042853,26.016552606417065,1177.6302886193166,12.42463708827446,1
1.0,0.21059662098771187,91.99743402878795,305.0317035011729,370.2919717923467,0
1.0,0.04595627355870352,358.9288289052932,0.07034037643664826,1335.7977633096627,0
1.0,0.04057481489624922,334.1061609770293,124.81100803655166,1233.3016764853196,0
1.0,0.7662837687196813,48.824231053587695,861.5846372440719,7.740226934962195,1
1.0,0.19572588926487272,1461.0165650651886,423.3254151460729,769.0578537684931,0
1.0,0.10150305607705562,433.4820351767312,430.84741532914126,1118.4400073237127,0
1.0,0.46114472453604044,11.245313966401387,728.8037586666079,24.42622631866377,1
1.0,0.16387938755449843,25.81055392808913,423.59862434152257,358.12652113176836,0
1.0,0.06618086212286114,32.4793361319908,275.32931828122724,720.3075034259508,0
0.0,0.6082491964458752,56.439422615550754,553.4740106295658,21.680922807823276,1
1.0,0.055019215941467144,16.52029172051765,301.398881971206,1474.9223463279393,0
1.0,0.177338643049374,680.0946053680038,308.6112965344684,234.82054959799427,0
1.0,0.2509693097975627,642.5326930087302,260.193671558238,924.9200736869592,0
1.0,0.7920908699215886,32.09260357593762,772.3668810789167,1.0580008178746105,1
0.0,0.459230823712287,12.820689031184308,918.1461075541218,14.070538199995932,1
1.0,0.5577320377133651,47.85742641888536,778.6235298835375,11.25292951375476,1
1.0,0.02708775738697332,179.20181692143137,130.18543342952182,262.6874625526269,0
1.0,0.1891195431601745,143.03641200208398,135.15555289427965,877.0845476353879,0
1.0,0.6080498294188433,31.59031001217472,818.9257514085094,25.896131830501776,1
1.0,0.11475754007113427,146.8905962610528,286.69217565403244,1416.2372891884743,0
1.0,0.03928715364320181,335.67036331810084,231.96323301863274,1166.8692351133575,0
1.0,0.8954315891694922,11.71567027670877,859.5358621873398,14.934484806560603,1
0.0,0.3677995257730618,6.97772322325273,827.8271901628186,15.563584433553611,1
1.0,0.05234069477996079,28.727474883319783,269.9672262154165,499.2208334454202,0
1.0,0.004047364118266443,76.68377770736865,509.9045864632187,373.5037319224915,0
1.0,0.13739672011012127,27.115950518325597,530.8621081127378,115.5779368816008,0
1.0,0.5031604432223025,41.59083431111898,748.4401830387475,21.89500728512891,1
0.0,0.3949481535537613,1.1602784903872105,901.9850577405654,23.339882436857163,1
0.0,0.5058594813154853,1.6928233551415817,670.1380425365982,14.320491396000179,1
0.0,0.30105846841076866,29.5431275822338,859.0330629535263,21.766527783485436,1
1.0,0.2029504230677854,374.3471778327334,163.9955362564626,1342.9460800508102,0
1.0,0.704293624341982,108.3100228675046,717.9286076161145,5.045053084628618,1
0.0,0.8449557192850815,4.480644134630877,1163.8431468228807,28.880014698584404,1
1.0,0.7202820146732302,38.66882060553336,1035.4029543145386,24.791486302537056,1
0.0,0.6093627925304723,122.17571490499061,827.3980962665905,6.952467510588532,1
1.0,0.349146861539322,24.67408581540589,339.15883679469925,6.350652609915586,1
1.0,0.21485240294719388,118.01545215132259,404.2240118775804,987.5896801679643,0
0.0,0.048683236287461656,61.826253974349136,243.63889692092602,609.7945261843984,0
1.0,0.4348195318539864,136.98130077849976,753.9040101982456,22.72439931815783,1
1.0,0.05401897583577841,11.05708986112529,366.3125615784489,1159.2453035262035,0
1.0,0.6534462017613551,141.7678008743236,1088.4125610828046,23.713253790770757,1
0.0,0.4591244642891144,56.492891238512925,843.7592226174382,22.6333276644729,1
1.0,0.061724805667138755,176.30075676019607,0.0,393.92429654704597,0
1.0,0.08032395133054383,72.8893022363807,86.39719016706948,1186.7204705422444,0
1.0,0.7150565290865943,16.039623867419333,936.7766374651646,1.5917724960677853,1
0.0,0.4616491975204695,20.127821222565498,636.9582174429345,10.077472342234469,1
0.0,0.7782702394657868,60.41555624959978,835.204922540636,19.52352451976372,1
1.0,0.11456052120488688,763.359655585324,299.6523950072406,331.5859924265051,0
0.0,0.5017334093920384,132.5503077345,746.9561091668255,1.892670728099539,1
0.0,0.5535316947680977,11.499615532567113,806.7859884947718,25.720090989764184,1
1.0,0.611901262932831,79.98066864967612,853.707578798202,20.855166849215493,1
1.0,0.0,139.53754807366604,169.79009200689293,732.098372908128,0
1.0,0.8754917993038293,3.2939033704360985,1039.372882341322,20.888489192204432,1
1.0,0.3565393846030871,24.561730370858335,680.6464812201582,23.899830702652878,1
1.0,0.06278415814199101,37.675700435619696,210.38028444958772,1314.8546153528741,0
1.0,0.7741524002503861,18.141595749341448,778.212967969728,2.049954814629652,1
0.0,0.5476310841569002,203.51432387065563,806.8953238065695,28.02461089203412,1
1.0,0.023196893856487627,1263.1820469013326,274.0918048977379,696.947394320209,0
0.0,0.7840346916662101,63.28218247531386,1072.4260371904015,4.14465556016141,1
1.0,0.057658369546827404,47.284688619685824,366.4136611167358,880.8753356618748,0
1.0,0.15946056466753647,1476.819225156037,187.43216355007888,1011.9115784940832,0
0.0,0.8268349916205593,80.96676182482376,579.2867677136145,7.533658624059644,1
0.0,0.6992749263028591,28.474037498813225,964.1501382797736,8.866589089551296,1
0.0,0.6157753855064901,101.78510768372814,836.9417451953003,7.96589173574651,1
1.0,0.6236497387741244,9.975847956745454,716.0065083451076,29.749164818622532,1
1.0,0.03267373893289742,343.15842226561614,439.2531259591634,574.7619594322927,0
0.0,0.6602623109364695,12.280322505186653,1088.8788536937034,17.644871532685016,1
0.0,0.013737665705292126,256.18065687840755,213.2099918590576,166.98870700472025,0
1.0,0.6868817922727373,70.63376927142026,681.629155267429,5.321844092131509,1
0.0,0.4113907295663758,25.100710290228808,871.6073532903604,29.1553585566494,1
0.0,0.32453587156782426,46.84423162690283,560.6440810249285,28.436060208912153,1
1.0,0.0,83.32500512443828,580.6112844570841,1213.339266603088,0
0.0,0.23564968077783416,67.7244266887758,375.26423863255746,7.205073892837063,1
0.0,0.7818909149456073,12.951018729251468,944.3165932700688,19.394284653021227,1
0.0,0.7376182634221257,2.982466883645503,690.9793492511639,23.09135765243633,1
1.0,0.6707702588609356,17.932201800557166,1385.4967369606834,29.687947902015477,1
1.0,0.1896535560269404,614.1363090108482,371.41177350254765,936.3759166070861,0
0.0,0.42653168118838947,9.25718514347353,615.7314013264149,23.212465548327305,1
1.0,0.24097523193065737,228.43474350402198,151.06939737364516,1077.5937564175022,0
0.0,0.06236896666180006,55.90806310624071,131.95817862462465,707.2019178587409,0
1.0,0.20355118373543066,494.71177846876617,186.8539732942345,383.3023769031219,0
1.0,0.04552424290270131,64.71089331109046,304.84429694644666,399.54221717818535,0
1.0,0.09638318355964512,2132.023421557925,41.22708064598805,108.17627281038891,0
1.0,0.07468311678046877,758.5910308073398,303.31349664257294,521.3345374510029,0
0.0,0.40965061196479274,45.50115020240286,440.45418097712,29.83705413424945,1
1.0,0.08351299882941068,432.1053697135175,322.7429645457372,1211.9057115732476,0
0.0,0.11326071521947417,1211.496661954218,256.0244504162796,383.46010075298466,0
1.0,0.0,403.73689742123094,207.31686013327788,1442.634253697211,0
0.0,0.3510206064014911,26.487275290859273,673.7042823997473,12.524765178227444,1
0.0,0.5315514194714436,35.04052613945746,1048.7053018747197,21.189319977989594,1
1.0,0.06191974809564959,926.2337907837556,576.8358549257432,1089.5240506789096,0
1.0,0.47878568151047773,58.836178516179636,733.1002107999387,16.750307177426308,1
1.0,0.17744110127213233,525.926292811836,338.4699911698308,219.0915652846323,0
0.0,0.19489048263048891,1008.0267250967975,298.2734884847803,407.9575951801304,0
0.0,0.6791658224927856,22.93412869365472,680.0128303681082,7.163189955483155,1
1.0,0.20046028382813963,1261.4846510689356,464.258989571762,1102.5154360656327,0
1.0,0.614979132651724,27.295814179808726,660.4378890918591,1.589609818057857,1
1.0,0.5837536160444199,34.88475922910103,669.222053707356,8.3035829294546,1
1.0,0.14822687213532887,674.4883363008994,101.67333705474553,574.5434256963666,0
1.0,0.18190017750407578,707.16694921561,361.37145177078855,1247.0795170650165,0
0.0,0.4110920195851901,43.60047586498348,841.7865479233913,8.629911116875233,1
0.0,0.04948271325292648,91.18992429691606,97.47274155478947,342.6965210955506,0
1.0,0.0,798.3788653308319,231.75108739719556,577.2664541224543,0
1.0,0.18994263925834848,636.6511491576108,97.91724584556599,671.9196973765738,0
0.0,0.6802796408699051,32.23527182702059,604.0503835334608,19.760770840918138,1
1.0,0.5442950133021902,24.364342279297727,476.46573774774055,13.049532915321963,1
1.0,0.0,95.61940876240143,190.0494944655672,235.7768619060434,0
0.0,0.8348282574944577,59.734323520121116,636.4527862825197,23.732292265768425,1
0.0,0.3787924971537435,4.36357147325007,864.3350502384682,6.865768455072395,1
0.0,0.5483766017418475,99.40925948093252,319.2790769987478,4.707917372808499,1
0.0,0.28495475691324457,32.75004708657146,1078.4512971905413,20.7298027155527,1
0.0,0.6367892369799601,3.5350807263627546,934.4635265018823,17.191204104302145,1
1.0,0.07865249592404405,544.6569750633861,271.66676666190045,224.0194188832592,0
1.0,0.06680136215229927,904.817327708266,327.0525728784926,507.8393713554774,0
1.0,0.1185330181002989,121.3209837332667,177.77147119107013,621.3372562804209,0
0.0,0.427210887406344,11.414229814204726,652.4516584114455,29.589620781856237,1
1.0,0.6057663089604457,87.54722691169582,633.1670300462374,16.480177323692796,1
1.0,0.08683384524231208,85.22378102598856,205.02193025209888,1002.0788839305985,0
0.0,0.3567097482568887,2.8352792735599768,729.8806383884632,25.091931081735094,1
1.0,0.1853701655655991,924.2322057050906,451.55084699043,265.17845414436823,0
1.0,0.1296993176776102,347.3578223274738,829.3315395227697,1266.4689918971235,0
1.0,0.06168663032840305,1992.8437028531473,113.37243150456041,1087.900028119373,0
0.0,0.6508962008962811,31.804638386976894,495.9628385726815,21.200007813912467,1
0.0,0.6357674191953443,97.61491484305702,890.1934254510462,18.31313702374297,1
1.0,0.2520444788108993,508.3683650678323,219.2032067320754,1080.3874752762426,0
1.0,0.24898296724845068,215.44690718068955,192.03147299505244,382.3703476199225,0
1.0,0.16649949953692778,1318.0358240046662,131.11550886276768,701.6155158481304,0
1.0,0.048409006305273186,33.9385472357709,293.77722357798365,791.5618457778634,0
0.0,0.6446972970224774,75.76278106863728,1018.4079963682822,22.82476802800102,1
0.0,0.7643154842409959,31.822205247197378,786.005520381502,20.668259463151518,1
1.0,0.07299865666260974,528.8258016493952,308.3038137975597,279.9907656381501,0
1.0,0.07248266081294887,147.62161408692342,363.3338728768922,1076.4566460714539,0
1.0,0.6116888640598724,20.20649500132413,1012.0044344507689,24.026568257788096,1
0.0,0.5614822667688228,140.63385013692158,621.2972156172139,14.716451009379119,1
0.0,0.1622326946574461,108.46733709841901,343.10306351555954,1394.6651059180329,0
1.0,0.0,876.8680442871995,125.38099757166175,1292.5856548347092,0
1.0,0.2055652363167788,413.464366947412,246.25254711794753,833.9585200025089,0
0.0,0.8182382102972995,9.796339023837312,1134.2191169757496,12.973707484735566,1
0.0,0.8504466799767184,110.91303998393774,619.7745847415696,26.960610823159513,1
0.0,0.5269704471603144,30.850416293259233,901.1635681712002,5.668855876857447,1
1.0,0.10519799183252204,420.6576371939768,500.9444352968444,457.54974044815856,0
1.0,0.17304529719745484,1011.3962178165624,197.07121914907466,809.3850509009036,0
0.0,0.8404871315467511,2.432886094317277,881.2529272582086,1.4802647489064666,1
0.0,0.83790953948002,5.087848197508971,753.0321221351753,26.969876878904728,1
1.0,0.11496215197520436,300.9434732529932,107.05938781783364,1345.9445837885014,0
0.0,0.34424039638608805,16.509629708015257,959.5777010874947,22.118335330136645,1
0.0,0.823757672283448,10.165973149408579,425.3219030201295,24.554305004069654,1
1.0,0.1790471530135193,1515.215453505667,562.6417789964049,1296.4825747020548,0
0.0,0.5238599980113907,1.0267714442532678,580.2412911464996,29.680968875452763,1
0.0,0.029453062819844264,1012.8661166809704,338.6160176377882,1316.1849558471101,0
0.0,0.07688630609917574,1065.3372371873904,205.41300188079754,508.2357643312941,0
1.0,0.0,215.49366953584195,364.8908792387421,280.3271062969677,0
0.0,0.043553521626261874,43.392946448070454,192.48702749595202,1297.4463092157089,0
1.0,0.09838140654910695,644.7272876681236,0.026899183607547058,922.4171216211834,0
1.0,0.11111165381587779,186.57276717450108,101.85002191999257,1344.7174713798768,0
1.0,0.033046736299525925,763.760434006372,303.0881564307756,1412.9807534914432,0
1.0,0.8698413527372268,0.5066842784723813,833.2874246607561,15.673323694066486,1
1.0,0.18637447398506632,331.9842117508647,289.9396357902823,801.4460925882457,0
1.0,0.16082779450210674,752.4204367222474,138.8613387830715,624.9723521904546,0
1.0,0.470881475080218,28.305406647595515,606.6412707385365,2.4622021597834993,1
1.0,0.5658695813319202,38.36376779178109,640.8433772506082,17.590704180313637,1
1.0,0.5617278792523251,32.446620517645634,820.5919579884672,26.001601159229992,1
1.0,0.10513086912629187,228.8229173626973,298.5151539841322,879.5498403770349,0
0.0,0.5302645693591644,109.11228104477195,1134.6697490105685,3.243220811983851,1
1.0,0.11366854568458803,827.1859524776671,371.9869355398166,288.1888098110088,0
1.0,0.007858447605556693,224.53218416359366,516.977259399668,1239.7772704204256,0
1.0,0.12493159170670545,371.43910798169264,230.97461825530934,948.4050213726505,0
1.0,0.05091801196076265,555.4041705644312,235.57613705942418,1429.3171939429014,0
1.0,0.380832631653915,163.50697572954738,1246.3613963970251,16.128331668143392,1
0.0,0.46726784010723066,35.62972403372996,535.8399860756932,28.02048115472982,1
1.0,0.10281460892015631,1354.669349832562,444.755268496373,809.1366539562257,0
1.0,0.07665890955200676,642.8382026799904,494.9572267599812,220.08232935544552,0
1.0,0.014863335459391903,430.43035153815873,443.98465707264995,1457.24494500567,0
0.0,0.7994105587629194,7.73496490262895,898.613722672334,13.377312773519336,1
1.0,0.17356827780266246,14.890737386781028,462.38232964139786,1154.868061075901,0
1.0,0.11489227414180676,481.1907079100668,24.240993853275373,835.1164991860222,0
0.0,0.3452422887705922,16.34171043814594,1033.1633328119954,5.987271582156559,1
1.0,0.7362148862302648,25.95815741026409,466.5451021183504,9.229836896329504,1
1.0,0.1839243501800632,222.76076634261747,405.3684615414541,971.0573415212865,0
1.0,0.8266267210973955,2.835219153854564,827.3294988569943,8.70978746530729,1
0.0,0.6413657991245607,43.22479737717046,805.0512838512203,7.173894540475914,1
1.0,0.08119477867700975,1505.458441320801,80.25750841786297,1374.4339786630585,0
1.0,0.6540984692719922,8.374897825725032,961.9231541831668,3.6494278810982377,1
1.0,0.0355923972051959,314.2849738626426,150.32906939250944,729.65038431474,0
0.0,0.7572066982107165,35.68101379295562,971.6680135115978,11.893536124864086,1
1.0,0.028599445950215976,19.10241398951381,314.193945160438,240.36042496760697,0
0.0,0.04816293641348887,631.4405935760905,570.8389215627406,1404.9799700833087,0
1.0,0.14558181109620041,386.12399446373604,700.0533814017118,624.291778522169,0
1.0,0.36441866903900955,18.104245539543356,1210.734391887047,17.390997164945254,1
1.0,0.11723579506315036,139.27854502171942,467.42581221306057,642.2681116043786,0
0.0,0.8655888818892192,144.72061135256072,1221.0965963897838,28.176348340635403,1
1.0,0.13871165602620328,92.11721127256605,374.8298832972931,819.189304706067,0
1.0,0.22159777015651255,105.35515554569186,248.73355130229618,1072.35413368242,0
0.0,0.6087334727129535,120.13640851938689,1073.5537491140287,26.823330037082574,1
1.0,0.07827765109027987,168.743194704217,380.6521175506391,498.3467081830519,0
1.0,0.093017548379911,142.15069419257307,213.18898824703038,1247.0069519955905,0
0.0,0.6422241713412878,148.27722750488502,1044.788226938481,9.5638688435692,1
0.0,0.10695798214623493,526.2628569225185,291.14623495191717,1297.634187729422,0
1.0,0.06630167744021727,870.0998917268022,423.98866809711984,228.64638329827994,0
1.0,0.0905619249370646,270.3602697462784,140.10386543211015,1268.3512852597614,0
1.0,0.06803568081891631,37.91238700784684,292.3235804990284,604.9852172415519,0
0.0,0.4478609035703876,0.6738765875329421,937.1936015594057,22.203909989594795,1
0.0,0.4441626742723081,14.875407546077549,369.29114458580244,3.9811626820029797,1
1.0,0.07839976486262189,453.61241124789933,502.353451106616,192.67352907734445,0
0.0,0.3987977244368287,59.10982739085361,672.3306318740028,20.811904835748006,1
1.0,0.14352151635979507,3.6781618745570506,348.09754020627963,278.99954558172,0
0.0,0.5634110166698627,269.33371752703624,924.7012260748036,2.2043968339493363,1
1.0,0.14815906710788562,19.183152146157788,534.0229950188635,820.1480272682066,0
1.0,0.2053121808659196,421.0919024373233,7.310922806979144,924.2028602498922,0
1.0,0.10469106599317024,1267.6980573849667,102.70783450328558,1205.8913928932432,0
1.0,0.12192382758940125,1727.6909698544832,496.3981710552504,1018.7343751677711,0
1.0,0.10095047088522596,388.819926035849,258.45633200859805,952.3358768832962,0
0.0,0.13796441943002924,306.3841514851912,199.22119110535732,676.5004703141758,0
0.0,0.8701714276928284,95.9313335507929,1118.086277140686,25.537273356326757,1
1.0,0.05151334966902158,559.8642165689853,216.7811832101004,680.2827754316394,0
1.0,0.7673770318901209,46.22834146282184,640.5651609325275,5.771231685535999,1
1.0,0.09524719439890912,313.36510441455573,613.6201105868824,422.0388429485666,0
0.0,0.6481980532351074,39.28251274353263,886.9550495547893,10.487154881811552,1
0.0,0.5063998596386832,59.362377595291186,721.1986102143255,27.36071146236037,1
1.0,0.799222488894715,36.19854315628634,907.5002368549023,3.8090644704174745,1
0.0,0.09331725093308041,436.23579785589885,444.24705351364963,1346.1546318260198,0
1.0,0.08214856846350349,220.5838694594978,441.9540651873029,1302.7460537765319,0
1.0,0.44172229283356407,23.033521341448363,903.6863714276909,28.254324963963985,1
1.0,0.04885497530533292,350.3058614367495,205.45730052710397,249.05117953980618,0
0.0,0.6118752021726767,9.410442868530584,834.2915105910395,7.157969760087576,1
1.0,0.025684749136601615,545.3506482889264,415.3348187143956,952.8598615671814,0
0.0,0.6694211905366685,21.33637226803626,556.4742976100657,13.436431065039807,1
1.0,0.47623162958661835,28.429001017189936,893.6248427272512,9.193952095344148,1
1.0,0.09695449209186381,1216.479039412844,359.9060427935382,932.853662418018,0
0.0,0.8301972683588951,33.17686290432728,577.1857183260884,18.50991438001689,1
1.0,0.10071604858574605,20.11668391181349,33.33916490194633,135.56988100565314,0
0.0,0.7059812684005394,42.94605940384458,611.6248051413562,16.432813080252313,1
0.0,0.39609291743923764,20.976818174037412,690.4174891735258,3.6478958702742217,1
1.0,0.0005838346567819466,1718.918129455469,406.1151336126338,1268.2845900318728,0
1.0,0.15653051287711484,1102.8474954981025,416.473283598058,688.3417912977329,0
1.0,0.0,458.7993786656341,541.2181736330392,907.9292526374991,0
0.0,0.5647650023288868,35.09847927473079,482.8643169101487,27.02208394258421,1
1.0,0.0899250132893942,14.113731861773651,501.91914310328065,1309.03172294783,0
0.0,0.5517099345722525,0.39426058139883335,632.5292998252885,3.971147548447327,1
0.0,0.3427443631839917,52.2276696779087,788.2492487887483,7.580046221889955,1
1.0,0.16296892970368512,495.0170482963708,304.9086309903982,1185.1873591087524,0
1.0,0.2662190332883259,407.4329531624862,430.9476550792182,706.3666282174697,0
0.0,0.5888437987425627,170.57593543190214,1018.816735603349,4.191884995887388,1
1.0,0.294039681897864,42.402829192330366,895.7618545461175,14.717250394255682,1
1.0,0.006505075115577684,416.11100962573425,360.675488973541,377.3601856043612,0
1.0,0.0,46.13173944889937,294.7827150640308,136.20536189953913,0
1.0,0.05801877915299583,266.98661411075506,171.87397890829084,128.34841711089447,0
1.0,0.15811304483716612,693.5024433843978,493.5219119556851,971.1920160715945,0
1.0,0.0,591.0595392640003,308.2933665642165,1026.4582134449593,0
0.0,0.8685596159304992,63.26698350311622,849.9236374101004,1.3172880917407497,1
1.0,0.8666934566454317,23.234789935910285,879.8199486002301,20.24744278456261,1
0.0,0.7671663706280977,4.84951989071475,1298.4232442355049,9.316658504875617,1
0.0,0.7755179168991483,30.649605630974346,745.0216847704284,8.34761013208095,1
1.0,0.012922276035719861,290.49827359165744,470.58599281517814,181.35044435374041,0
1.0,0.04876762837510239,972.3379292038418,359.8091091194298,1400.7235161958245,0
1.0,0.0001595548110912455,576.2099560416664,346.5902143580481,411.556644554839,0
0.0,0.3134426042040067,170.02731400105,498.67851562009065,13.80936055855295,1
0.0,0.8865058254304984,158.67633194883635,406.8206665506699,15.874789007181798,1
1.0,0.1078493521175995,1033.2758097565277,348.32470060754736,1180.1730683432434,0
1.0,0.15463610292012192,30.691668846334434,95.40144894209047,412.76993791755956,0
0.0,0.7817530549083682,112.8891280163772,714.9371578804175,8.23147476386589,1
1.0,0.8242445797030882,169.9841617885362,900.4875695788606,5.878175366621573,1
1.0,0.011089913492043416,188.96432124672288,152.68847358386253,1302.314040707983,0
1.0,0.06079902369677932,358.81620135732953,540.885146737802,664.9464106766042,0
1.0,0.35021071515586033,37.31477663295556,813.97174554811,22.879695798965603,1
1.0,0.11039605185793186,24.40089445018831,64.24355867486044,879.9669029104421,0
1.0,0.0,217.12014428002172,160.22392477638437,1294.129295847502,0
1.0,0.15756669092410355,970.9830784691586,0.0,540.9806027404203,0
0.0,0.5256095431837217,2.6358441134037243,963.5171491750839,17.493494354110144,1
0.0,0.7481740754804105,2.53258468175696,990.8076357347545,14.973752592792746,1
1.0,0.6479891709898787,24.48015858152,1043.6819918144736,16.890816448633515,1
0.0,0.5173922436577859,21.79963133095086,1240.4882730945064,15.320077825870241,1
0.0,0.6729433828374896,18.964761356196686,728.7635185663714,17.436557414141625,1
0.0,0.4853077382495542,33.81345615420647,821.9418788116884,21.69270837605222,1
1.0,0.29693488747758257,19.31855813673341,716.7429339330406,4.206758279458927,1
1.0,0.034969897357762604,2227.135593288267,301.86174339983774,1020.5093866175365,0
0.0,0.19463651165616588,312.9804622152527,286.05979212193984,372.3796576027675,0
1.0,0.13686109611539463,30.07728851579202,109.25457312045663,647.0287848146264,0
1.0,0.15296953140320257,152.0394072706918,127.07974667670042,1425.2826665380396,0
1.0,0.1245091514146695,286.4638533875507,445.1754482766376,445.229468079033,0
1.0,0.1240405521033895,85.35310553001574,359.8298282269273,1035.732751947159,0
1.0,0.00557544305242845,1474.082620125105,457.55474727183463,1136.14000028619,0
1.0,0.700339191619813,13.857637055464748,970.8265593754626,6.437979613866794,1
0.0,0.8898741188347115,57.18038049164544,868.2233643001027,15.056102529598864,1
1.0,0.17259566942158344,446.7714579655468,41.16233146035763,1131.250236355357,0
1.0,0.12156941204817752,639.0807117645686,259.46649616201506,741.0770631326018,0
0.0,1.0149895038288879,4.644646053633969,1005.0885837561653,19.4670996566467,1
1.0,0.06021212200603853,1066.93460238951,592.95207852924,1069.6156121911822,0
1.0,0.15342027055512591,361.9828789132409,403.0319523664064,929.1067449039615,0
0.0,0.7537288491974895,45.363254350758446,809.9350254574861,9.992068333157764,1
1.0,0.04325433761811982,412.79269952539556,389.6205074670518,599.6508741690698,0
0.0,0.4016396542968193,11.863968026732499,726.9325292819559,26.17719585910907,1
1.0,0.2107687579017395,60.930675077589825,317.54253914665014,399.3277148477405,0
0.0,0.916146453803705,1.5658229666376784,836.0286990412898,10.358371655131661,1
0.0,0.7662081065600422,92.88787210766694,745.3785444575778,9.568097687278138,1
1.0,0.5357873704514534,30.809018215746008,632.9550915035574,1.9712781179943768,1
1.0,0.11956628904751027,10.654530399076805,269.1458266232211,1049.7109373499752,0
0.0,0.48678822499647206,7.150048290236634,973.420537138264,14.133630191069184,1
1.0,0.04142817461180986,16.593903736029617,0.0996691750291207,960.5375246701105,0
1.0,0.17930099820371798,452.2893867575657,480.915418620629,1288.9015263248082,0
1.0,0.22263031769222702,387.4614198157978,159.49348116467985,772.3312776050573,0
1.0,0.004853369473613325,1733.8487003820433,94.24819276114722,1318.547916478079,0
1.0,0.6996524405041916,48.4826520182603,890.4954133272787,25.88510492219203,1
1.0,0.5910493007600818,39.394579894946354,1141.5031374453615,26.993977791712705,1
1.0,0.08214346188717668,401.09019784377364,488.23471942942297,1078.1352429229933,0
1.0,0.05823251095336153,919.7058292222938,420.062993980205,459.960902228579,0
0.0,0.6412090087101034,13.646604890304284,620.8692959048559,7.283993355931157,1
1.0,0.26666970886904057,281.3385629995342,383.76816235041946,846.204657012083,0
0.0,0.4857424252316541,26.55105008238307,1067.3436708611964,10.664046890962501,1
1.0,0.1378753286399609,1185.7032600456523,351.3821849827499,927.8028649028606,0
1.0,0.07257266149640035,106.10713996373862,486.47313160929406,540.6972875481757,0
0.0,0.6568205117710709,22.830477338857452,1044.2664888915251,14.817408373939069,1
1.0,0.0,260.2211973324466,202.26610434135827,1428.1409395014286,0
0.0,0.7430063601241017,187.45241171598457,780.9713808284638,2.022301001129379,1
1.0,0.11130687825446971,213.21822898121835,0.0,1327.7344794230157,0
1.0,0.07232217035955765,154.05501292280823,320.7363519826864,1046.5170770093578,0
1.0,0.1417544584159484,579.2833749870487,17.02658650055467,599.7182344395683,0
0.0,0.6473618945770745,3.523379353660203,852.9273093406756,26.647442037924318,1
1.0,0.02152340454749152,155.984114111016,429.82606743215524,1046.0874257432813,0
1.0,0.25096702062712783,834.2674673766697,228.50233608533952,1444.411899995944,0
1.0,0.11510329546898318,28.502543405019683,551.5512799294997,455.14584571649334,0
1.0,0.0,386.18664315155394,80.9107494851306,1324.920696802193,0
0.0,0.7207694721951107,97.7577143049748,625.738204779905,1.4750654660672606,1
1.0,0.8101027043269214,93.18863994049453,814.4899999218856,1.2629490147834088,1
1.0,0.2036686575922831,727.0354225832193,42.563826951650825,1403.7573575191868,0
0.0,0.3572455283340331,58.10351029499048,571.256771310509,3.9357179142482708,1
1.0,0.1351129771287915,868.3576772578356,290.50625904245175,1434.2245911824318,0
1.0,0.0,521.4064167973632,168.37681718743931,1083.9243309053065,0
1.0,0.07811331268709262,1736.070480370423,88.97996628762453,158.78268974782767,0
0.0,0.8686979575857097,0.44605397055588386,682.4124633477502,27.43588080207931,1
0.0,0.7690045382000752,26.254983631245512,846.1098022068854,1.2023409712077802,1
1.0,0.7809699776113427,19.966548461855147,573.247969088861,22.356598179974892,1
1.0,0.6306904375219877,59.096279830821864,869.9972645640286,5.446303078951868,1
1.0,0.4266221897205369,72.68655382162707,620.9140845616412,27.4054865498145,1
0.0,0.5173314325544909,18.07983923127547,1012.5789898697652,26.82430191477437,1
1.0,0.3953235871971371,83.37259244650944,1267.4756994952959,19.9712375293408,1
0.0,0.6660499701040389,17.46762444894387,627.943032609034,20.511351482210543,1
0.0,0.5711951419953868,29.530218652825084,906.7948989170137,1.1420748103989866,1
1.0,0.12032782172007032,5.098800503877971,353.0677548361427,103.38453124773099,0
0.0,0.7266910212348527,59.09731334092586,1008.2215365727558,26.548594241511335,1
0.0,0.6152644023840446,218.48475615133665,547.0605522957285,26.936096445726744,1
0.0,0.5898680785718078,12.719996340333005,896.0577657288617,20.1076662529276,1
0.0,0.3286238648269983,54.313905055597914,625.3876555484752,10.96556556243062,1
0.0,0.33030480583513994,46.940474514018874,758.5770717296535,26.920654125247736,1
0.0,0.5079151946678228,123.43406688487615,593.7933869522985,9.516307406938326,1
0.0,0.28031765233992467,8.339081038424139,964.5756986455133,17.3293614028682,1
0.0,0.6735748751330918,69.70669703550456,632.6644056821394,3.8777021403213388,1
0.0,0.8687004422780178,42.0026208430235,910.5017295757996,27.71482216770667,1
0.0,0.7960019970655584,16.08091887805819,731.1387439347413,5.062331161218593,1
0.0,0.6554846688784747,32.222596001373965,777.0529735427131,7.487360204674457,1
1.0,0.18304540396130065,69.95839266548032,173.81237331429804,1097.3283344521133,0
1.0,0.0701578152691835,232.4915347768668,228.33180136789287,615.6707728998107,0
0.0,0.7323415305944039,109.92540008155042,842.0347740364691,19.016041637473304,1
0.0,0.4360933785211985,42.12047000499971,1106.105060783718,7.655962371904064,1
1.0,0.15180580523346188,758.1794955550542,9.886257675340715,640.9175766522682,0
